source_id,url,fetched_at,http_status,content_type,content_length,content_sha256,etag,last_modified,outcome,raw_ref,reason,warnings
goldstandard.registry.projects,https://public-api.goldstandard.org/projects?query=&page=1,2026-09-22T16:45:37Z,200,application/json,61104,0ef76fc5585ba4a9381eec2ef0bd677443fea3777572cfb3e793a8c3b0f273c8,,,first_capture,raw/goldstandard.registry.projects/2026/09/20260922T164537Z-0ef76fc5585b.json.gz,,
goldstandard.registry.projects,https://public-api.goldstandard.org/projects?query=&page=2,2026-09-22T16:46:01Z,200,application/json,61653,cf7559220fb9134c9a72ffd71886fc9a6ae8b95436430ec93247a58b411fb2f8,,,first_capture,raw/goldstandard.registry.projects/2026/09/20260922T164601Z-cf7559220fb9.json.gz,,
goldstandard.registry.projects,https://public-api.goldstandard.org/projects?query=&page=3,2026-09-22T16:46:03Z,200,application/json,54707,e70bd21691691f55476e9d58a159a942721470436821aadb932abe8e56212b1a,,,first_capture,raw/goldstandard.registry.projects/2026/09/20260922T164603Z-e70bd2169169.json.gz,,
goldstandard.registry.projects,https://public-api.goldstandard.org/projects?query=&page=4,2026-09-22T16:46:06Z,200,application/json,57170,817755b8d058bae75e313ef0462fb5a4febc670c15eb70595b97019f671ce730,,,first_capture,raw/goldstandard.registry.projects/2026/09/20260922T164606Z-817755b8d058.json.gz,,
goldstandard.registry.projects,https://public-api.goldstandard.org/projects?query=&page=5,2026-09-22T16:46:09Z,200,application/json,57083,2b20b48a1ddeb5a553ce1ef54b0ddbab8a1efac6f40011352490dd4a13055cab,,,first_capture,raw/goldstandard.registry.projects/2026/09/20260922T164609Z-2b20b48a1dde.json.gz,,
goldstandard.registry.projects,https://public-api.goldstandard.org/projects?query=&page=6,2026-09-22T16:46:11Z,200,application/json,59829,9a654fe5a6dbf9df00dfcaa63199f8b782d32faf6c36c452f91eb8c95abd8901,,,first_capture,raw/goldstandard.registry.projects/2026/09/20260922T164611Z-9a654fe5a6db.json.gz,,
goldstandard.registry.projects,https://public-api.goldstandard.org/projects?query=&page=7,2026-09-22T16:46:14Z,200,application/json,56398,3564dcc65aba274a0913943525b15fbd1cde5ff33038d116c365202d8700b41c,,,first_capture,raw/goldstandard.registry.projects/2026/09/20260922T164614Z-3564dcc65aba.json.gz,,
goldstandard.registry.projects,https://public-api.goldstandard.org/projects?query=&page=8,2026-09-22T16:46:16Z,200,application/json,53002,16c670845d09617917ccbc51d7d46dfd2be47fccc36464b2ad91febe435d5aee,,,first_capture,raw/goldstandard.registry.projects/2026/09/20260922T164616Z-16c670845d09.json.gz,,
goldstandard.registry.projects,https://public-api.goldstandard.org/projects?query=&page=9,2026-09-22T16:46:19Z,200,application/json,58893,7c26b6516c4f8388b21afc6ab0ea17e746d3e7477725f97f122cb07d751ceb3e,,,first_capture,raw/goldstandard.registry.projects/2026/09/20260922T164619Z-7c26b6516c4f.json.gz,,
goldstandard.registry.projects,https://public-api.goldstandard.org/projects?query=&page=10,2026-09-22T16:46:23Z,200,application/json,59356,51a0f54997a7e20e12949edd188d019f14224d3a7d2585cb8ccbaa0860a099bc,,,first_capture,raw/goldstandard.registry.projects/2026/09/20260922T164623Z-51a0f54997a7.json.gz,,
goldstandard.registry.projects,https://public-api.goldstandard.org/projects?query=&page=11,2026-09-22T16:46:26Z,200,application/json,60583,61702f406aa68956644193127d22702f2fef6d3ec8e455b9d705c3523669f495,,,first_capture,raw/goldstandard.registry.projects/2026/09/20260922T164626Z-61702f406aa6.json.gz,,
goldstandard.registry.projects,https://public-api.goldstandard.org/projects?query=&page=12,2026-09-22T16:46:28Z,200,application/json,56575,7d51d4cc8a05929acedd4721868d5fd72d9811d80415f8b5635aed799aea1466,,,first_capture,raw/goldstandard.registry.projects/2026/09/20260922T164628Z-7d51d4cc8a05.json.gz,,
goldstandard.registry.projects,https://public-api.goldstandard.org/projects?query=&page=13,2026-09-22T16:46:31Z,200,application/json,57638,a4acd8b82a0c082a52c96694d06bce594c9aa29cc6426cf30fcfccbeb09d2de4,,,first_capture,raw/goldstandard.registry.projects/2026/09/20260922T164631Z-a4acd8b82a0c.json.gz,,
goldstandard.registry.projects,https://public-api.goldstandard.org/projects?query=&page=14,2026-09-22T16:46:33Z,200,application/json,55572,c4622e6484bd39e3682e65359ad6b834534442b07fe6d5b8d7e7cb0c73fed9d7,,,first_capture,raw/goldstandard.registry.projects/2026/09/20260922T164633Z-c4622e6484bd.json.gz,,
goldstandard.registry.projects,https://public-api.goldstandard.org/projects?query=&page=15,2026-09-22T16:46:36Z,200,application/json,62181,eeabe9785b25155a11aa903cbf8716d83680b4eebc5ca77b2f5df7ccd67590a7,,,first_capture,raw/goldstandard.registry.projects/2026/09/20260922T164636Z-eeabe9785b25.json.gz,,
goldstandard.registry.projects,https://public-api.goldstandard.org/projects?query=&page=16,2026-09-22T16:46:38Z,200,application/json,64079,a9a236c025d5d672706488e43bc2d706763a32c471de160b6d7e3386b211c37a,,,first_capture,raw/goldstandard.registry.projects/2026/09/20260922T164638Z-a9a236c025d5.json.gz,,
goldstandard.registry.projects,https://public-api.goldstandard.org/projects?query=&page=17,2026-09-22T16:46:40Z,200,application/json,61586,5de33de4e5a31ca3328b68f244d0fef3a24da869046aa51dc41bea91b767928b,,,first_capture,raw/goldstandard.registry.projects/2026/09/20260922T164640Z-5de33de4e5a3.json.gz,,
goldstandard.registry.projects,https://public-api.goldstandard.org/projects?query=&page=18,2026-09-22T16:46:43Z,200,application/json,69380,867d2e9034f1bbad4d49a796c769f58ca482b6a2a86c431c0ebc7086fe9601d9,,,first_capture,raw/goldstandard.registry.projects/2026/09/20260922T164643Z-867d2e9034f1.json.gz,,
goldstandard.registry.projects,https://public-api.goldstandard.org/projects?query=&page=19,2026-09-22T16:46:46Z,200,application/json,75402,23d000381aff63140bc1ba40be4fb152103a5b5defa917e13404f13e575db6de,,,first_capture,raw/goldstandard.registry.projects/2026/09/20260922T164646Z-23d000381aff.json.gz,,
goldstandard.registry.projects,https://public-api.goldstandard.org/projects?query=&page=20,2026-09-22T16:46:48Z,200,application/json,54301,715593b40310c59a429d78832ae80972d63c347ef3b6661dd5946579c37715c5,,,first_capture,raw/goldstandard.registry.projects/2026/09/20260922T164648Z-715593b40310.json.gz,,
goldstandard.registry.projects,https://public-api.goldstandard.org/projects?query=&page=21,2026-09-22T16:46:50Z,200,application/json,62038,a765d6c0ed8681da10eeccff33309e23ceaab0fd50acd6db2825f7eaa4924f1e,,,first_capture,raw/goldstandard.registry.projects/2026/09/20260922T164650Z-a765d6c0ed86.json.gz,,
goldstandard.registry.projects,https://public-api.goldstandard.org/projects?query=&page=22,2026-09-22T16:46:53Z,200,application/json,67292,9bf7e368f61c95baebd20333c521b4997fc2353f4dbe91baf7c7e1fd672a066b,,,first_capture,raw/goldstandard.registry.projects/2026/09/20260922T164653Z-9bf7e368f61c.json.gz,,
goldstandard.registry.projects,https://public-api.goldstandard.org/projects?query=&page=23,2026-09-22T16:46:56Z,200,application/json,65170,4ed14a5caba9483959db755af61d1888c760683ec2f9ade4198c8d605a90c44e,,,first_capture,raw/goldstandard.registry.projects/2026/09/20260922T164656Z-4ed14a5caba9.json.gz,,
goldstandard.registry.projects,https://public-api.goldstandard.org/projects?query=&page=24,2026-09-22T16:46:58Z,200,application/json,59276,6817cf5b2bd3b39a82ebff00ca2672d9019cc2bbdef1af3c09b54af7f6b741a6,,,first_capture,raw/goldstandard.registry.projects/2026/09/20260922T164658Z-6817cf5b2bd3.json.gz,,
goldstandard.registry.projects,https://public-api.goldstandard.org/projects?query=&page=25,2026-09-22T16:47:00Z,200,application/json,59512,4a375c7f146da2617546b431f8b040154e4d9d1114dc336de634e3476d3abe5c,,,first_capture,raw/goldstandard.registry.projects/2026/09/20260922T164700Z-4a375c7f146d.json.gz,,
goldstandard.registry.projects,https://public-api.goldstandard.org/projects?query=&page=26,2026-09-22T16:47:03Z,200,application/json,58939,147d8970abdd9b30c7bcb8125d1d919e64b3e93549cbf79620d026a5c172d367,,,first_capture,raw/goldstandard.registry.projects/2026/09/20260922T164703Z-147d8970abdd.json.gz,,
goldstandard.registry.projects,https://public-api.goldstandard.org/projects?query=&page=27,2026-09-22T16:47:05Z,200,application/json,58769,495d180e0caad180e8b5bfc66f762693eebb3f9134522b2f95b9bfcdde46f94e,,,first_capture,raw/goldstandard.registry.projects/2026/09/20260922T164705Z-495d180e0caa.json.gz,,
goldstandard.registry.projects,https://public-api.goldstandard.org/projects?query=&page=28,2026-09-22T16:47:08Z,200,application/json,57493,59b4ccc6cf45d7f74948ef7d4d426fb95452a0e0947f5401d6cc68e097ea1d59,,,first_capture,raw/goldstandard.registry.projects/2026/09/20260922T164708Z-59b4ccc6cf45.json.gz,,
goldstandard.registry.projects,https://public-api.goldstandard.org/projects?query=&page=29,2026-09-22T16:47:10Z,200,application/json,75972,f5fcad4b6ba8857e4f6021fc5855de2aa985bdc53fdba71698a4c6e3c6db27a4,,,first_capture,raw/goldstandard.registry.projects/2026/09/20260922T164710Z-f5fcad4b6ba8.json.gz,,
goldstandard.registry.projects,https://public-api.goldstandard.org/projects?query=&page=30,2026-09-22T16:47:13Z,200,application/json,63905,a12a4976909250dc20e54fcb1a5c09ee385c8144ea7753e888eff3e7f26ee89f,,,first_capture,raw/goldstandard.registry.projects/2026/09/20260922T164713Z-a12a49769092.json.gz,,
goldstandard.registry.projects,https://public-api.goldstandard.org/projects?query=&page=31,2026-09-22T16:47:16Z,200,application/json,61326,d9201828d049f5bd6598625effad04f426d9a4fbd2df1140bba8414b006aa99a,,,first_capture,raw/goldstandard.registry.projects/2026/09/20260922T164716Z-d9201828d049.json.gz,,
goldstandard.registry.projects,https://public-api.goldstandard.org/projects?query=&page=32,2026-09-22T16:47:18Z,200,application/json,62504,dc26974deea5dee59a2bdc6c2f23a87d535e6a688c5f7951e1c08461ba3e00b4,,,first_capture,raw/goldstandard.registry.projects/2026/09/20260922T164718Z-dc26974deea5.json.gz,,
goldstandard.registry.projects,https://public-api.goldstandard.org/projects?query=&page=33,2026-09-22T16:47:20Z,200,application/json,56199,6d327be55d634a9f751fba9c80f3ba6f3640f84fdbc1c1fc07ad3efc5b963826,,,first_capture,raw/goldstandard.registry.projects/2026/09/20260922T164720Z-6d327be55d63.json.gz,,
goldstandard.registry.projects,https://public-api.goldstandard.org/projects?query=&page=34,2026-09-22T16:47:23Z,200,application/json,67757,7958f857e24ec29087fcf5915f38d662350d453de45738cfc258c99445d69aba,,,first_capture,raw/goldstandard.registry.projects/2026/09/20260922T164723Z-7958f857e24e.json.gz,,
goldstandard.registry.projects,https://public-api.goldstandard.org/projects?query=&page=35,2026-09-22T16:47:25Z,200,application/json,62163,d7b15eaf3eee58e5e081ffbc9dbf729f7a52b09ce6120c1af8c9addb2cb1df10,,,first_capture,raw/goldstandard.registry.projects/2026/09/20260922T164725Z-d7b15eaf3eee.json.gz,,
goldstandard.registry.projects,https://public-api.goldstandard.org/projects?query=&page=36,2026-09-22T16:47:28Z,200,application/json,60439,7c3358d0576ce1aecf2dfbca75f2cb7a6979afcbf556fe490c44a7932ddc9893,,,first_capture,raw/goldstandard.registry.projects/2026/09/20260922T164728Z-7c3358d0576c.json.gz,,
goldstandard.registry.projects,https://public-api.goldstandard.org/projects?query=&page=37,2026-09-22T16:47:31Z,200,application/json,57690,7143e56885ade04a5c8b02ce90de2c66c0f57eb30b87d5e979e006bb32ed5532,,,first_capture,raw/goldstandard.registry.projects/2026/09/20260922T164731Z-7143e56885ad.json.gz,,
goldstandard.registry.projects,https://public-api.goldstandard.org/projects?query=&page=38,2026-09-22T16:47:33Z,200,application/json,63833,86b4e292002240154a5d67d0d8a7bc93cf07612d29f19871b1adf77bea845ba1,,,first_capture,raw/goldstandard.registry.projects/2026/09/20260922T164733Z-86b4e2920022.json.gz,,
goldstandard.registry.projects,https://public-api.goldstandard.org/projects?query=&page=39,2026-09-22T16:47:35Z,200,application/json,61078,4a84e3c09a22044dbe13f5aeee72594e20ef22f0548460f3480300e835ecabe3,,,first_capture,raw/goldstandard.registry.projects/2026/09/20260922T164735Z-4a84e3c09a22.json.gz,,
goldstandard.registry.projects,https://public-api.goldstandard.org/projects?query=&page=40,2026-09-22T16:47:38Z,200,application/json,64318,b350253810962db4ecf459b1688f71dd7ff2c0f3a22c668f21fcb27ec4874e00,,,first_capture,raw/goldstandard.registry.projects/2026/09/20260922T164738Z-b35025381096.json.gz,,
goldstandard.registry.projects,https://public-api.goldstandard.org/projects?query=&page=41,2026-09-22T16:47:40Z,200,application/json,60918,4f130c1a247bef63a70ae1bd4e2ecf3cc33baa2d7df8d714185b673a8b0231f0,,,first_capture,raw/goldstandard.registry.projects/2026/09/20260922T164740Z-4f130c1a247b.json.gz,,
goldstandard.registry.projects,https://public-api.goldstandard.org/projects?query=&page=42,2026-09-22T16:47:42Z,200,application/json,59652,befb8daf817f3331afabea27f42ddc7f6d43eff444032f549b737613467aa25f,,,first_capture,raw/goldstandard.registry.projects/2026/09/20260922T164742Z-befb8daf817f.json.gz,,
goldstandard.registry.projects,https://public-api.goldstandard.org/projects?query=&page=43,2026-09-22T16:47:45Z,200,application/json,52007,ada23222aec26eaea84ac396b4ca1e356e78767903dd78043bace247bab0446d,,,first_capture,raw/goldstandard.registry.projects/2026/09/20260922T164745Z-ada23222aec2.json.gz,,
goldstandard.registry.projects,https://public-api.goldstandard.org/projects?query=&page=44,2026-09-22T16:47:47Z,200,application/json,56872,650514df825174f8ed07099f62d9564b8c72f987f826ee879b833c76f082212c,,,first_capture,raw/goldstandard.registry.projects/2026/09/20260922T164747Z-650514df8251.json.gz,,
goldstandard.registry.projects,https://public-api.goldstandard.org/projects?query=&page=45,2026-09-22T16:47:50Z,200,application/json,56159,7f2ab2d3979e04e11e02c3ee301bd8d7d99092c0ac5d7de17f3f0f363f98cf8b,,,first_capture,raw/goldstandard.registry.projects/2026/09/20260922T164750Z-7f2ab2d3979e.json.gz,,
goldstandard.registry.projects,https://public-api.goldstandard.org/projects?query=&page=46,2026-09-22T16:47:52Z,200,application/json,56797,7b9dd591331d78e06f3c7fb604095a833bee0a480ccc961b4812ec66135bfad7,,,first_capture,raw/goldstandard.registry.projects/2026/09/20260922T164752Z-7b9dd591331d.json.gz,,
goldstandard.registry.projects,https://public-api.goldstandard.org/projects?query=&page=47,2026-09-22T16:47:54Z,200,application/json,52902,951ca8e4cbf9f4ade14cb363b8de64ef4a409ad99a999581961b97c77c260b85,,,first_capture,raw/goldstandard.registry.projects/2026/09/20260922T164754Z-951ca8e4cbf9.json.gz,,
goldstandard.registry.projects,https://public-api.goldstandard.org/projects?query=&page=48,2026-09-22T16:47:57Z,200,application/json,59915,845ca365b9e51b5fe8e573b31b216d77444bd14404636aa4d5dbed3b6045a571,,,first_capture,raw/goldstandard.registry.projects/2026/09/20260922T164757Z-845ca365b9e5.json.gz,,
goldstandard.registry.projects,https://public-api.goldstandard.org/projects?query=&page=49,2026-09-22T16:47:59Z,200,application/json,53251,d7f99696e9c913d47438389c4e69516059ad222975d6667e2d3106f4a2037aaf,,,first_capture,raw/goldstandard.registry.projects/2026/09/20260922T164759Z-d7f99696e9c9.json.gz,,
goldstandard.registry.projects,https://public-api.goldstandard.org/projects?query=&page=50,2026-09-22T16:48:02Z,200,application/json,51058,dbe71d4a5eb13ea47febd3cfaafd203fa705ece33fd599cdb0fbffe9ffa9745d,,,first_capture,raw/goldstandard.registry.projects/2026/09/20260922T164802Z-dbe71d4a5eb1.json.gz,,
goldstandard.registry.projects,https://public-api.goldstandard.org/projects?query=&page=51,2026-09-22T16:48:04Z,200,application/json,52896,14591da6b20d778161414f818d7e28eca8bd9cfd9294604846937dd6f47a35da,,,first_capture,raw/goldstandard.registry.projects/2026/09/20260922T164804Z-14591da6b20d.json.gz,,
goldstandard.registry.projects,https://public-api.goldstandard.org/projects?query=&page=52,2026-09-22T16:48:07Z,200,application/json,57813,c25cc494e9a9b45be71e2bf0dae61ecbabcc7f0d0cec7ee05e9c7c3c3168d55a,,,first_capture,raw/goldstandard.registry.projects/2026/09/20260922T164807Z-c25cc494e9a9.json.gz,,
goldstandard.registry.projects,https://public-api.goldstandard.org/projects?query=&page=53,2026-09-22T16:48:09Z,200,application/json,55851,d76bf911cc135ec06da42872cfcaa56c7be46ac03d2cf74f6c5280e78a4ce430,,,first_capture,raw/goldstandard.registry.projects/2026/09/20260922T164809Z-d76bf911cc13.json.gz,,
goldstandard.registry.projects,https://public-api.goldstandard.org/projects?query=&page=54,2026-09-22T16:48:11Z,200,application/json,56621,5cef8451a2632de3aaf61e406ab069a9d1293310f8c3e6423908410854b1ecc2,,,first_capture,raw/goldstandard.registry.projects/2026/09/20260922T164811Z-5cef8451a263.json.gz,,
goldstandard.registry.projects,https://public-api.goldstandard.org/projects?query=&page=55,2026-09-22T16:48:14Z,200,application/json,67181,3c7d84648ea0d6348816ac5b6beb1820156a1ae2b137d76b6dc26fb6f412744d,,,first_capture,raw/goldstandard.registry.projects/2026/09/20260922T164814Z-3c7d84648ea0.json.gz,,
goldstandard.registry.projects,https://public-api.goldstandard.org/projects?query=&page=56,2026-09-22T16:48:16Z,200,application/json,57835,e6f711e3a9a289b6f013b0ebb194bd8c1c933f7206808c3b04623374a5c2e678,,,first_capture,raw/goldstandard.registry.projects/2026/09/20260922T164816Z-e6f711e3a9a2.json.gz,,
goldstandard.registry.projects,https://public-api.goldstandard.org/projects?query=&page=57,2026-09-22T16:48:18Z,200,application/json,54127,443c02bf572442ac7b5193c092f8503308670bad3dcb3335ee3e056ccb9bb9f4,,,first_capture,raw/goldstandard.registry.projects/2026/09/20260922T164818Z-443c02bf5724.json.gz,,
goldstandard.registry.projects,https://public-api.goldstandard.org/projects?query=&page=58,2026-09-22T16:48:20Z,200,application/json,55762,4f0dcc53a547142afabd2adf2374b59430e005e192394841f8106178ae2bf34e,,,first_capture,raw/goldstandard.registry.projects/2026/09/20260922T164820Z-4f0dcc53a547.json.gz,,
goldstandard.registry.projects,https://public-api.goldstandard.org/projects?query=&page=59,2026-09-22T16:48:23Z,200,application/json,57658,83f48bdb7f458e0a61513e6d6965374cd8a7fd2167b13cbb1790d1897931f7b4,,,first_capture,raw/goldstandard.registry.projects/2026/09/20260922T164823Z-83f48bdb7f45.json.gz,,
goldstandard.registry.projects,https://public-api.goldstandard.org/projects?query=&page=60,2026-09-22T16:48:25Z,200,application/json,65084,e7bc04910c37bdc6d4a22a6e5589e50dc8e60a0a8b67f625b6414941873d8b53,,,first_capture,raw/goldstandard.registry.projects/2026/09/20260922T164825Z-e7bc04910c37.json.gz,,
goldstandard.registry.projects,https://public-api.goldstandard.org/projects?query=&page=61,2026-09-22T16:48:28Z,200,application/json,55462,d98d68a5becd89bcd2688edec58a917b2cf31aa8b3ebc8cf49bd30ae50dcb800,,,first_capture,raw/goldstandard.registry.projects/2026/09/20260922T164828Z-d98d68a5becd.json.gz,,
goldstandard.registry.projects,https://public-api.goldstandard.org/projects?query=&page=62,2026-09-22T16:48:31Z,200,application/json,52961,a5aa8ffdad6c448babd2149e3c07720a356ea04ad8478f79afd97162c9a16f55,,,first_capture,raw/goldstandard.registry.projects/2026/09/20260922T164831Z-a5aa8ffdad6c.json.gz,,
goldstandard.registry.projects,https://public-api.goldstandard.org/projects?query=&page=63,2026-09-22T16:48:34Z,200,application/json,55774,3e8fd88a1e151df5d4d62d17df8af2464dd246b5c884de14711f8c056db295cd,,,first_capture,raw/goldstandard.registry.projects/2026/09/20260922T164834Z-3e8fd88a1e15.json.gz,,
goldstandard.registry.projects,https://public-api.goldstandard.org/projects?query=&page=64,2026-09-22T16:48:36Z,200,application/json,54400,7f9ff5750231a67f51a8605a52cc560a21cd2cfc151c4d72e8460d7e58764d2a,,,first_capture,raw/goldstandard.registry.projects/2026/09/20260922T164836Z-7f9ff5750231.json.gz,,
goldstandard.registry.projects,https://public-api.goldstandard.org/projects?query=&page=65,2026-09-22T16:48:38Z,200,application/json,54750,879f93fb7d42934c57c2404d23ab7c7ebfe1c82d830679cfa268b62679262787,,,first_capture,raw/goldstandard.registry.projects/2026/09/20260922T164838Z-879f93fb7d42.json.gz,,
goldstandard.registry.projects,https://public-api.goldstandard.org/projects?query=&page=66,2026-09-22T16:48:41Z,200,application/json,65281,55164973947bfe8df89359ead2352dc4dc02b5623e4368fd8e58d100193bfc87,,,first_capture,raw/goldstandard.registry.projects/2026/09/20260922T164841Z-55164973947b.json.gz,,
goldstandard.registry.projects,https://public-api.goldstandard.org/projects?query=&page=67,2026-09-22T16:48:43Z,200,application/json,54428,d73904e1e886aedc6f1375c3252eff1113e49533a356d5d95d2e555c2f9dac11,,,first_capture,raw/goldstandard.registry.projects/2026/09/20260922T164843Z-d73904e1e886.json.gz,,
goldstandard.registry.projects,https://public-api.goldstandard.org/projects?query=&page=68,2026-09-22T16:48:45Z,200,application/json,56692,6966aee065fc04f0bbff475af243a28566097e43daff16c864b6dc87cee0c24f,,,first_capture,raw/goldstandard.registry.projects/2026/09/20260922T164845Z-6966aee065fc.json.gz,,
goldstandard.registry.projects,https://public-api.goldstandard.org/projects?query=&page=69,2026-09-22T16:48:48Z,200,application/json,60620,9cfba5a804664dc4fe9b9ffbd388a6891043b176e4e6359bb26594ec0cde72d9,,,first_capture,raw/goldstandard.registry.projects/2026/09/20260922T164848Z-9cfba5a80466.json.gz,,
goldstandard.registry.projects,https://public-api.goldstandard.org/projects?query=&page=70,2026-09-22T16:48:50Z,200,application/json,67582,6a39d238e365279cef6f7d82cab04cca5e17b95d013a456c4af30326acce858b,,,first_capture,raw/goldstandard.registry.projects/2026/09/20260922T164850Z-6a39d238e365.json.gz,,
goldstandard.registry.projects,https://public-api.goldstandard.org/projects?query=&page=71,2026-09-22T16:48:53Z,200,application/json,52481,092b0c390f90e0d39f602fbd26cbf58534a4369f3bfa2bda5b1bd4eced57b997,,,first_capture,raw/goldstandard.registry.projects/2026/09/20260922T164853Z-092b0c390f90.json.gz,,
goldstandard.registry.projects,https://public-api.goldstandard.org/projects?query=&page=72,2026-09-22T16:48:55Z,200,application/json,53658,3154e05d0fec03aec8f9f89089b83bf34c42a2fc9582faaa6e9ece62a710ad5b,,,first_capture,raw/goldstandard.registry.projects/2026/09/20260922T164855Z-3154e05d0fec.json.gz,,
goldstandard.registry.projects,https://public-api.goldstandard.org/projects?query=&page=73,2026-09-22T16:48:58Z,200,application/json,56812,52434cca3c33c010d2fd62ed925fa0b84c816d61c8755ee808c9cfe8a9e0e641,,,first_capture,raw/goldstandard.registry.projects/2026/09/20260922T164858Z-52434cca3c33.json.gz,,
goldstandard.registry.projects,https://public-api.goldstandard.org/projects?query=&page=74,2026-09-22T16:49:00Z,200,application/json,51735,40f0511846582860420c0a78472e9a2f8bee3a0612b46c80e537589c79552168,,,first_capture,raw/goldstandard.registry.projects/2026/09/20260922T164900Z-40f051184658.json.gz,,
goldstandard.registry.projects,https://public-api.goldstandard.org/projects?query=&page=75,2026-09-22T16:49:03Z,200,application/json,52065,5da71bc8dbb04abba6a57d0063156ba09b67196850f241259cf2bd911d5e4218,,,first_capture,raw/goldstandard.registry.projects/2026/09/20260922T164903Z-5da71bc8dbb0.json.gz,,
goldstandard.registry.projects,https://public-api.goldstandard.org/projects?query=&page=76,2026-09-22T16:49:05Z,200,application/json,52621,c190ac4aeb733d1e11fa866ac316dd66dc85fb0667e1444a14422929ca7cb1a6,,,first_capture,raw/goldstandard.registry.projects/2026/09/20260922T164905Z-c190ac4aeb73.json.gz,,
goldstandard.registry.projects,https://public-api.goldstandard.org/projects?query=&page=77,2026-09-22T16:49:07Z,200,application/json,50828,22753f30943ee6a52faf24d7c1d32b3f0b33833fea8ffbc11c43edddc2e225a7,,,first_capture,raw/goldstandard.registry.projects/2026/09/20260922T164907Z-22753f30943e.json.gz,,
goldstandard.registry.projects,https://public-api.goldstandard.org/projects?query=&page=78,2026-09-22T16:49:10Z,200,application/json,50416,44b17f20d5592882a6cb6d09ebc35e8e22c66f18f6560d7700a6cc40db07c56a,,,first_capture,raw/goldstandard.registry.projects/2026/09/20260922T164910Z-44b17f20d559.json.gz,,
goldstandard.registry.projects,https://public-api.goldstandard.org/projects?query=&page=79,2026-09-22T16:49:12Z,200,application/json,54887,b6166ff3dedbfd00507b0a255e2008aed9f6ac9b63e18cb7c9943700536eea96,,,first_capture,raw/goldstandard.registry.projects/2026/09/20260922T164912Z-b6166ff3dedb.json.gz,,
goldstandard.registry.projects,https://public-api.goldstandard.org/projects?query=&page=80,2026-09-22T16:49:15Z,200,application/json,51649,31c61146240d8f447b2bede3f3e7418f76ebb50c3cee71b739690afb1926f2c7,,,first_capture,raw/goldstandard.registry.projects/2026/09/20260922T164915Z-31c61146240d.json.gz,,
goldstandard.registry.projects,https://public-api.goldstandard.org/projects?query=&page=81,2026-09-22T16:49:17Z,200,application/json,57206,f1a118906f3fb79e8b9ab488cbe42c0fa68a136874b02ee95ea819a6d23332e1,,,first_capture,raw/goldstandard.registry.projects/2026/09/20260922T164917Z-f1a118906f3f.json.gz,,
goldstandard.registry.projects,https://public-api.goldstandard.org/projects?query=&page=82,2026-09-22T16:49:19Z,200,application/json,54791,514be0b00b54e0af14255226169726a47ff6fcc5d8a07d2118d9b97a3a2a34d9,,,first_capture,raw/goldstandard.registry.projects/2026/09/20260922T164919Z-514be0b00b54.json.gz,,
goldstandard.registry.projects,https://public-api.goldstandard.org/projects?query=&page=83,2026-09-22T16:49:22Z,200,application/json,56583,4eb570eaf6bc7cc2f616db3f3dc3809e4db0451b12d6ca171c81d62aa8ac0c2a,,,first_capture,raw/goldstandard.registry.projects/2026/09/20260922T164922Z-4eb570eaf6bc.json.gz,,
goldstandard.registry.projects,https://public-api.goldstandard.org/projects?query=&page=84,2026-09-22T16:49:25Z,200,application/json,59523,83b3876e6e87cdee135e7b931233eb55dcf7c1845957436942c15c4ef674d152,,,first_capture,raw/goldstandard.registry.projects/2026/09/20260922T164925Z-83b3876e6e87.json.gz,,
goldstandard.registry.projects,https://public-api.goldstandard.org/projects?query=&page=85,2026-09-22T16:49:27Z,200,application/json,59615,950a6a3027055f59f0ae5a30b404fe1ece612fbd30134ffdab6e85eaba0f007e,,,first_capture,raw/goldstandard.registry.projects/2026/09/20260922T164927Z-950a6a302705.json.gz,,
goldstandard.registry.projects,https://public-api.goldstandard.org/projects?query=&page=86,2026-09-22T16:49:29Z,200,application/json,51849,78722eb65e2a590b6ac61cca1ac41cff6bbfce1016d7293b5fc10b6d636c6cc8,,,first_capture,raw/goldstandard.registry.projects/2026/09/20260922T164929Z-78722eb65e2a.json.gz,,
goldstandard.registry.projects,https://public-api.goldstandard.org/projects?query=&page=87,2026-09-22T16:49:32Z,200,application/json,58960,298b174859cb14cc96c79259d5baed7cf94dd21393911b0a79fc87ee09605d8d,,,first_capture,raw/goldstandard.registry.projects/2026/09/20260922T164932Z-298b174859cb.json.gz,,
goldstandard.registry.projects,https://public-api.goldstandard.org/projects?query=&page=88,2026-09-22T16:49:34Z,200,application/json,54048,0f10b85d632a5756ec15c68f41cadff0c755b246c0fb820b557e6468bebc6624,,,first_capture,raw/goldstandard.registry.projects/2026/09/20260922T164934Z-0f10b85d632a.json.gz,,
goldstandard.registry.projects,https://public-api.goldstandard.org/projects?query=&page=89,2026-09-22T16:49:36Z,200,application/json,63226,0b2fe15b9123e59e4898b19a9ea3e35d66fb5830e26f3e10078e9b81c9ba6ece,,,first_capture,raw/goldstandard.registry.projects/2026/09/20260922T164936Z-0b2fe15b9123.json.gz,,
goldstandard.registry.projects,https://public-api.goldstandard.org/projects?query=&page=90,2026-09-22T16:49:39Z,200,application/json,50623,564ac58ae6514e2c3f164afbb35009fc6e0290ffc9da2c5abc351b2a92f48e8a,,,first_capture,raw/goldstandard.registry.projects/2026/09/20260922T164939Z-564ac58ae651.json.gz,,
goldstandard.registry.projects,https://public-api.goldstandard.org/projects?query=&page=91,2026-09-22T16:49:41Z,200,application/json,53059,8fe81e33e5301b2593e9edf4bb30e6a6ab032edbca0c89ddf97562ca2a463588,,,first_capture,raw/goldstandard.registry.projects/2026/09/20260922T164941Z-8fe81e33e530.json.gz,,
goldstandard.registry.projects,https://public-api.goldstandard.org/projects?query=&page=92,2026-09-22T16:49:44Z,200,application/json,57070,ef831154da56f71e797f1df01513955f04da93760712b7b15ef857f825434400,,,first_capture,raw/goldstandard.registry.projects/2026/09/20260922T164944Z-ef831154da56.json.gz,,
goldstandard.registry.projects,https://public-api.goldstandard.org/projects?query=&page=93,2026-09-22T16:49:46Z,200,application/json,46301,a646728eea29379e4f8a7c0b7fe9a5f927088dbe4ba07a25c25a55bd356a0bc6,,,first_capture,raw/goldstandard.registry.projects/2026/09/20260922T164946Z-a646728eea29.json.gz,,
goldstandard.registry.projects,https://public-api.goldstandard.org/projects?query=&page=94,2026-09-22T16:49:49Z,200,application/json,49671,d4500f3e49b80bbfd24ff7b21c6153dbd3f05e22719eacb66320c4773ff02b87,,,first_capture,raw/goldstandard.registry.projects/2026/09/20260922T164949Z-d4500f3e49b8.json.gz,,
goldstandard.registry.projects,https://public-api.goldstandard.org/projects?query=&page=95,2026-09-22T16:49:51Z,200,application/json,52086,1ece322e5f462d8c3284161da13ac4206ff15a3cd4b8c3043097e8c1e08d9f62,,,first_capture,raw/goldstandard.registry.projects/2026/09/20260922T164951Z-1ece322e5f46.json.gz,,
goldstandard.registry.projects,https://public-api.goldstandard.org/projects?query=&page=96,2026-09-22T16:49:53Z,200,application/json,47791,5a248a7cc0ea4c51d9ee5f8c550c00a1b5ac7d13f23ef2dd91841a6895c248c8,,,first_capture,raw/goldstandard.registry.projects/2026/09/20260922T164953Z-5a248a7cc0ea.json.gz,,
goldstandard.registry.projects,https://public-api.goldstandard.org/projects?query=&page=97,2026-09-22T16:49:56Z,200,application/json,45335,47e32e7556360bb4d46aa870723b5217c5ff14bbf3a4f77fd5c8578b932df267,,,first_capture,raw/goldstandard.registry.projects/2026/09/20260922T164956Z-47e32e755636.json.gz,,
goldstandard.registry.projects,https://public-api.goldstandard.org/projects?query=&page=98,2026-09-22T16:49:58Z,200,application/json,50255,0a780488bea359291545f21808b1a69d654ce4dfc7d038018e19f5e4bd4757a3,,,first_capture,raw/goldstandard.registry.projects/2026/09/20260922T164958Z-0a780488bea3.json.gz,,
goldstandard.registry.projects,https://public-api.goldstandard.org/projects?query=&page=99,2026-09-22T16:50:00Z,200,application/json,49059,dfd1aca8053fd6b4bb1806b9ef0ba63cfae8e64f6769ebf146c269ac99a5071b,,,first_capture,raw/goldstandard.registry.projects/2026/09/20260922T165000Z-dfd1aca8053f.json.gz,,
goldstandard.registry.projects,https://public-api.goldstandard.org/projects?query=&page=100,2026-09-22T16:50:03Z,200,application/json,56773,f7d56230662a78ebaea644bf24da7dabbb7fa9ab3df1cd13d03a0209a953b226,,,first_capture,raw/goldstandard.registry.projects/2026/09/20260922T165003Z-f7d56230662a.json.gz,,
goldstandard.registry.projects,https://public-api.goldstandard.org/projects?query=&page=101,2026-09-22T16:50:05Z,200,application/json,52063,359cbc0cba76c58558fa93c0412b1b821a33835be70ecd5a01cbb72148dd9d19,,,first_capture,raw/goldstandard.registry.projects/2026/09/20260922T165005Z-359cbc0cba76.json.gz,,
goldstandard.registry.projects,https://public-api.goldstandard.org/projects?query=&page=102,2026-09-22T16:50:07Z,200,application/json,53742,d8bdeeb9fcfe81943d0091c98b9852b5e5a16501b58f8371c121210f06f63b77,,,first_capture,raw/goldstandard.registry.projects/2026/09/20260922T165007Z-d8bdeeb9fcfe.json.gz,,
goldstandard.registry.projects,https://public-api.goldstandard.org/projects?query=&page=103,2026-09-22T16:50:10Z,200,application/json,51111,702c34fc105a6eaeac9e595f06c164079e48bb17939df8e54754f047c30e644e,,,first_capture,raw/goldstandard.registry.projects/2026/09/20260922T165010Z-702c34fc105a.json.gz,,
goldstandard.registry.projects,https://public-api.goldstandard.org/projects?query=&page=104,2026-09-22T16:50:12Z,200,application/json,50802,a6cf5f85e4731e1d149fc2a858c0c50c5463850a7139bec2d4e80b9ffa8fb49d,,,first_capture,raw/goldstandard.registry.projects/2026/09/20260922T165012Z-a6cf5f85e473.json.gz,,
goldstandard.registry.projects,https://public-api.goldstandard.org/projects?query=&page=105,2026-09-22T16:50:15Z,200,application/json,49817,f0106151258ec4a447756949276ac2ad4a373ce04c299a885340671393f5ab23,,,first_capture,raw/goldstandard.registry.projects/2026/09/20260922T165015Z-f0106151258e.json.gz,,
goldstandard.registry.projects,https://public-api.goldstandard.org/projects?query=&page=106,2026-09-22T16:50:17Z,200,application/json,46115,4eb0a3e9eeeba2dab6012c7452d3bb5929f065abc518459e3a100154880b6002,,,first_capture,raw/goldstandard.registry.projects/2026/09/20260922T165017Z-4eb0a3e9eeeb.json.gz,,
goldstandard.registry.projects,https://public-api.goldstandard.org/projects?query=&page=107,2026-09-22T16:50:20Z,200,application/json,48185,795ae15f544504d663edbcab0569620e70c617c9349e70bd8bbc69ec7ccbbd6b,,,first_capture,raw/goldstandard.registry.projects/2026/09/20260922T165020Z-795ae15f5445.json.gz,,
goldstandard.registry.projects,https://public-api.goldstandard.org/projects?query=&page=108,2026-09-22T16:50:22Z,200,application/json,47387,beb7c69a859a3faab2d9b220bc554c871614dfc104003c141f481feb336cbc43,,,first_capture,raw/goldstandard.registry.projects/2026/09/20260922T165022Z-beb7c69a859a.json.gz,,
goldstandard.registry.projects,https://public-api.goldstandard.org/projects?query=&page=109,2026-09-22T16:50:24Z,200,application/json,58290,498ea4947a471af6c9880d5475cc7639d52c0c1b2902134dd46e82396851e592,,,first_capture,raw/goldstandard.registry.projects/2026/09/20260922T165024Z-498ea4947a47.json.gz,,
goldstandard.registry.projects,https://public-api.goldstandard.org/projects?query=&page=110,2026-09-22T16:50:27Z,200,application/json,51479,87f35bb72ea8d0270eaa899d703350c2c9f9cd5ac3de90063c5e0e307b5f8067,,,first_capture,raw/goldstandard.registry.projects/2026/09/20260922T165027Z-87f35bb72ea8.json.gz,,
goldstandard.registry.projects,https://public-api.goldstandard.org/projects?query=&page=111,2026-09-22T16:50:29Z,200,application/json,55421,776c9c81d6718d79adef977ee16ffe3d9193b7d370857ea098198893a01b3703,,,first_capture,raw/goldstandard.registry.projects/2026/09/20260922T165029Z-776c9c81d671.json.gz,,
goldstandard.registry.projects,https://public-api.goldstandard.org/projects?query=&page=112,2026-09-22T16:50:31Z,200,application/json,55969,ffdcb80e31804d8df2f9e80693cdfc7fa9db5b84ac4316a75d4faece4929c107,,,first_capture,raw/goldstandard.registry.projects/2026/09/20260922T165031Z-ffdcb80e3180.json.gz,,
goldstandard.registry.projects,https://public-api.goldstandard.org/projects?query=&page=113,2026-09-22T16:50:34Z,200,application/json,48999,562a8a010f7beb7a5920d35089737d02480716277e80a61a34fa362321554d7d,,,first_capture,raw/goldstandard.registry.projects/2026/09/20260922T165034Z-562a8a010f7b.json.gz,,
goldstandard.registry.projects,https://public-api.goldstandard.org/projects?query=&page=114,2026-09-22T16:50:36Z,200,application/json,46529,a18684f81c0487b47cda5dd55748790179e5fa216b091b3bcd1a6441a3ddbec2,,,first_capture,raw/goldstandard.registry.projects/2026/09/20260922T165036Z-a18684f81c04.json.gz,,
goldstandard.registry.projects,https://public-api.goldstandard.org/projects?query=&page=115,2026-09-22T16:50:38Z,200,application/json,54912,f6e1a03e919fb80b8a201ec8233460da81054711788b111e99b24954b4c35179,,,first_capture,raw/goldstandard.registry.projects/2026/09/20260922T165038Z-f6e1a03e919f.json.gz,,
goldstandard.registry.projects,https://public-api.goldstandard.org/projects?query=&page=116,2026-09-22T16:50:41Z,200,application/json,48335,d7891afee105b46056cf1dfc4b3f46dc37715427a8197467d6c740f87af165ae,,,first_capture,raw/goldstandard.registry.projects/2026/09/20260922T165041Z-d7891afee105.json.gz,,
goldstandard.registry.projects,https://public-api.goldstandard.org/projects?query=&page=117,2026-09-22T16:50:43Z,200,application/json,48456,d181047c2aa2e9d7b55d2abf64fb15d4c7fa758149d423752d7b6c77c09a25a3,,,first_capture,raw/goldstandard.registry.projects/2026/09/20260922T165043Z-d181047c2aa2.json.gz,,
goldstandard.registry.projects,https://public-api.goldstandard.org/projects?query=&page=118,2026-09-22T16:50:46Z,200,application/json,53809,7b088d6599367fb696a503631d2caad27ba6a068952480cdebd6ba21bfdd67e1,,,first_capture,raw/goldstandard.registry.projects/2026/09/20260922T165046Z-7b088d659936.json.gz,,
goldstandard.registry.projects,https://public-api.goldstandard.org/projects?query=&page=119,2026-09-22T16:50:49Z,200,application/json,57963,3817cca1803604ae0475c68bd95c606b3ffddceb7334098bf15617621eea62ec,,,first_capture,raw/goldstandard.registry.projects/2026/09/20260922T165049Z-3817cca18036.json.gz,,
goldstandard.registry.projects,https://public-api.goldstandard.org/projects?query=&page=120,2026-09-22T16:50:51Z,200,application/json,55887,4347f4ca14aa7f5c2966ec64b898852184017110f73ca183fb7d4aaec3911f5a,,,first_capture,raw/goldstandard.registry.projects/2026/09/20260922T165051Z-4347f4ca14aa.json.gz,,
goldstandard.registry.projects,https://public-api.goldstandard.org/projects?query=&page=121,2026-09-22T16:50:53Z,200,application/json,49574,e896eba4c278d21b8397ae1c6104e122635d23367aba16c7417595ca93993875,,,first_capture,raw/goldstandard.registry.projects/2026/09/20260922T165053Z-e896eba4c278.json.gz,,
goldstandard.registry.projects,https://public-api.goldstandard.org/projects?query=&page=122,2026-09-22T16:50:56Z,200,application/json,51811,4e40d1884b21e0f0d2bd81edcdf64029a9119e252bfa39e5d37eea386813a673,,,first_capture,raw/goldstandard.registry.projects/2026/09/20260922T165056Z-4e40d1884b21.json.gz,,
goldstandard.registry.projects,https://public-api.goldstandard.org/projects?query=&page=123,2026-09-22T16:50:58Z,200,application/json,50008,f82c3bdfbc2ab8e9fab4ad8b372800bafe72579ae281b961c1b7db9bc96bed5c,,,first_capture,raw/goldstandard.registry.projects/2026/09/20260922T165058Z-f82c3bdfbc2a.json.gz,,
goldstandard.registry.projects,https://public-api.goldstandard.org/projects?query=&page=124,2026-09-22T16:51:01Z,200,application/json,51373,0a203a446ab28454c87b95dfdde8fd5a4ecef57bf4ab8d682e7a50058eb6023d,,,first_capture,raw/goldstandard.registry.projects/2026/09/20260922T165101Z-0a203a446ab2.json.gz,,
goldstandard.registry.projects,https://public-api.goldstandard.org/projects?query=&page=125,2026-09-22T16:51:03Z,200,application/json,42866,c6286ec94763d54541c748af8f5c7e4431778375dffc30fa2a29c32ad2e57318,,,first_capture,raw/goldstandard.registry.projects/2026/09/20260922T165103Z-c6286ec94763.json.gz,,
goldstandard.registry.projects,https://public-api.goldstandard.org/projects?query=&page=126,2026-09-22T16:51:06Z,200,application/json,48357,63273e32ab4b6b7616289020beb0f2668c79a5dc253805c0a54f6fa434d92bf9,,,first_capture,raw/goldstandard.registry.projects/2026/09/20260922T165106Z-63273e32ab4b.json.gz,,
goldstandard.registry.projects,https://public-api.goldstandard.org/projects?query=&page=127,2026-09-22T16:51:08Z,200,application/json,49762,06e7ff31ff23c0b43c36bfd1ca00a54214fae0669cf48aeb7691c717837f01c0,,,first_capture,raw/goldstandard.registry.projects/2026/09/20260922T165108Z-06e7ff31ff23.json.gz,,
goldstandard.registry.projects,https://public-api.goldstandard.org/projects?query=&page=128,2026-09-22T16:51:11Z,200,application/json,47266,24827ebc664438e4bfbb414c24dc007c9cdbef1cb99c766cd07e94c394589ef9,,,first_capture,raw/goldstandard.registry.projects/2026/09/20260922T165111Z-24827ebc6644.json.gz,,
goldstandard.registry.projects,https://public-api.goldstandard.org/projects?query=&page=129,2026-09-22T16:51:13Z,200,application/json,52533,ee6e716b47ad2eca2d682c7bc2aac52398202e7fda8b8e371aeaf9dabbb642ee,,,first_capture,raw/goldstandard.registry.projects/2026/09/20260922T165113Z-ee6e716b47ad.json.gz,,
goldstandard.registry.projects,https://public-api.goldstandard.org/projects?query=&page=130,2026-09-22T16:51:16Z,200,application/json,48658,f09c117911694d35853ad14db68c3018cefc22a0dbbd412b37a2442a3323cba1,,,first_capture,raw/goldstandard.registry.projects/2026/09/20260922T165116Z-f09c11791169.json.gz,,
goldstandard.registry.projects,https://public-api.goldstandard.org/projects?query=&page=131,2026-09-22T16:51:18Z,200,application/json,50582,7d8ff25a555218eb14552d7756d9fb4e51528d3e1d1e31984f4e3eb701b38a74,,,first_capture,raw/goldstandard.registry.projects/2026/09/20260922T165118Z-7d8ff25a5552.json.gz,,
goldstandard.registry.projects,https://public-api.goldstandard.org/projects?query=&page=132,2026-09-22T16:51:21Z,200,application/json,49520,5a7d0a77cb71dd36b13f14375a2d74b793489b70cd5f1e38aa666791a21acdeb,,,first_capture,raw/goldstandard.registry.projects/2026/09/20260922T165121Z-5a7d0a77cb71.json.gz,,
goldstandard.registry.projects,https://public-api.goldstandard.org/projects?query=&page=133,2026-09-22T16:51:24Z,200,application/json,48963,847e3e961d8f345ef792e8528b60ae0b5453375fe21379dd9468a624b7cba07d,,,first_capture,raw/goldstandard.registry.projects/2026/09/20260922T165124Z-847e3e961d8f.json.gz,,
goldstandard.registry.projects,https://public-api.goldstandard.org/projects?query=&page=134,2026-09-22T16:51:26Z,200,application/json,50817,682057215272a51c462ab9b8873f9ad32eb5440aa6ffbab4c44010e2d1d94d27,,,first_capture,raw/goldstandard.registry.projects/2026/09/20260922T165126Z-682057215272.json.gz,,
goldstandard.registry.projects,https://public-api.goldstandard.org/projects?query=&page=135,2026-09-22T16:51:28Z,200,application/json,51715,60aad6606cb7440ae128d2cf3db7b10d9b4bf92cbc92d06f0581c17176e28ace,,,first_capture,raw/goldstandard.registry.projects/2026/09/20260922T165128Z-60aad6606cb7.json.gz,,
goldstandard.registry.projects,https://public-api.goldstandard.org/projects?query=&page=136,2026-09-22T16:51:31Z,200,application/json,55412,22b7416be7731c0859e06f5740ba5e420ad30ff289e263f10df2e8d3854fd3c2,,,first_capture,raw/goldstandard.registry.projects/2026/09/20260922T165131Z-22b7416be773.json.gz,,
goldstandard.registry.projects,https://public-api.goldstandard.org/projects?query=&page=137,2026-09-22T16:51:33Z,200,application/json,48049,990a630d48ccc2bd2fa06f2a697d3dc2032dd2cc43348850c2d757c0a20f0ad5,,,first_capture,raw/goldstandard.registry.projects/2026/09/20260922T165133Z-990a630d48cc.json.gz,,
goldstandard.registry.projects,https://public-api.goldstandard.org/projects?query=&page=138,2026-09-22T16:51:35Z,200,application/json,52137,cec30dadab7a2be8db6b707ec8ed54dec4dd7fb441b988aa35f5dbc13f629924,,,first_capture,raw/goldstandard.registry.projects/2026/09/20260922T165135Z-cec30dadab7a.json.gz,,
goldstandard.registry.projects,https://public-api.goldstandard.org/projects?query=&page=139,2026-09-22T16:51:38Z,200,application/json,49455,566ebf290d7037bd99cead8ae63ebd4d57eeb8a09799a005cd5a908edefb2f5f,,,first_capture,raw/goldstandard.registry.projects/2026/09/20260922T165138Z-566ebf290d70.json.gz,,
goldstandard.registry.projects,https://public-api.goldstandard.org/projects?query=&page=140,2026-09-22T16:51:41Z,200,application/json,66178,7e3cc2204bca9248be86a4686e5d0f84f52d9e01441ffa7fd91e2ce2c6e05bb0,,,first_capture,raw/goldstandard.registry.projects/2026/09/20260922T165141Z-7e3cc2204bca.json.gz,,
goldstandard.registry.projects,https://public-api.goldstandard.org/projects?query=&page=141,2026-09-22T16:51:43Z,200,application/json,63494,720504f771147647a9d05e8cb5a6c3bc78e2c0b55b3ca0ceeb50717ac5dcc6ec,,,first_capture,raw/goldstandard.registry.projects/2026/09/20260922T165143Z-720504f77114.json.gz,,
goldstandard.registry.projects,https://public-api.goldstandard.org/projects?query=&page=142,2026-09-22T16:51:45Z,200,application/json,50813,9de1565f45acd8a135f3f3d32c0b3de5368e932699750a53c2dcf17812f20bee,,,first_capture,raw/goldstandard.registry.projects/2026/09/20260922T165145Z-9de1565f45ac.json.gz,,
goldstandard.registry.projects,https://public-api.goldstandard.org/projects?query=&page=143,2026-09-22T16:51:48Z,200,application/json,55138,2f1ab2a3152851ef57b0ace29e554cd91f951220333eccafc90ead22adf9759f,,,first_capture,raw/goldstandard.registry.projects/2026/09/20260922T165148Z-2f1ab2a31528.json.gz,,
goldstandard.registry.projects,https://public-api.goldstandard.org/projects?query=&page=144,2026-09-22T16:51:50Z,200,application/json,47743,1270ae046d33f2d3f340198b965018c33c9787bbfe083fd5748a4404b859d4da,,,first_capture,raw/goldstandard.registry.projects/2026/09/20260922T165150Z-1270ae046d33.json.gz,,
goldstandard.registry.projects,https://public-api.goldstandard.org/projects?query=&page=145,2026-09-22T16:51:53Z,200,application/json,61408,6b77d07c45b9c94ce6dec44e836493b84a310df9b2519bff7352a06d91540ce7,,,first_capture,raw/goldstandard.registry.projects/2026/09/20260922T165153Z-6b77d07c45b9.json.gz,,
goldstandard.registry.projects,https://public-api.goldstandard.org/projects?query=&page=146,2026-09-22T16:51:55Z,200,application/json,54816,b72a7fc7b5866ba04108cf686306308bcbb566abc85ae79632740154ba264458,,,first_capture,raw/goldstandard.registry.projects/2026/09/20260922T165155Z-b72a7fc7b586.json.gz,,
goldstandard.registry.projects,https://public-api.goldstandard.org/projects?query=&page=147,2026-09-22T16:51:57Z,200,application/json,54415,a3b949a4af35361677c07c9d262fafce7758c375cfc2602dcb22578391ea2707,,,first_capture,raw/goldstandard.registry.projects/2026/09/20260922T165157Z-a3b949a4af35.json.gz,,
goldstandard.registry.projects,https://public-api.goldstandard.org/projects?query=&page=148,2026-09-22T16:52:00Z,200,application/json,48204,aa582644d8148c916e268cb7f667b82a13cf55c6b2c0d2221e97686764a30625,,,first_capture,raw/goldstandard.registry.projects/2026/09/20260922T165200Z-aa582644d814.json.gz,,
goldstandard.registry.projects,https://public-api.goldstandard.org/projects?query=&page=149,2026-09-22T16:52:02Z,200,application/json,53804,1d17d743b9c7f7fd79b6828be0f7dea903d58caef63567e62cb9553902a55ea6,,,first_capture,raw/goldstandard.registry.projects/2026/09/20260922T165202Z-1d17d743b9c7.json.gz,,
goldstandard.registry.projects,https://public-api.goldstandard.org/projects?query=&page=150,2026-09-22T16:52:05Z,200,application/json,57055,14b444699bcec7c3a8adbd8d0cba9c00f831c0f7b248d03512218f68fccb7ac9,,,first_capture,raw/goldstandard.registry.projects/2026/09/20260922T165205Z-14b444699bce.json.gz,,
goldstandard.registry.projects,https://public-api.goldstandard.org/projects?query=&page=151,2026-09-22T16:52:07Z,200,application/json,46995,5e82dd2d6078c8025d74d4fd8b72eec9a404a6ba256cc66928df59f27fb922dc,,,first_capture,raw/goldstandard.registry.projects/2026/09/20260922T165207Z-5e82dd2d6078.json.gz,,
goldstandard.registry.projects,https://public-api.goldstandard.org/projects?query=&page=152,2026-09-22T16:52:09Z,200,application/json,49886,14a37bdf72634c0b9fa9b2544513966e13956af99784b080b7b8ec9041c8ac00,,,first_capture,raw/goldstandard.registry.projects/2026/09/20260922T165209Z-14a37bdf7263.json.gz,,
goldstandard.registry.projects,https://public-api.goldstandard.org/projects?query=&page=153,2026-09-22T16:52:12Z,200,application/json,58519,bffeb1261e5f918536c71951c80a74cb47de7516ff14cfa9b5577c012f11fab8,,,first_capture,raw/goldstandard.registry.projects/2026/09/20260922T165212Z-bffeb1261e5f.json.gz,,
goldstandard.registry.projects,https://public-api.goldstandard.org/projects?query=&page=154,2026-09-22T16:52:14Z,200,application/json,51100,428d7d94b6d82c1a02547b661451fd7ce6ccbd62972c47c45f8bb9f6d2c0ea41,,,first_capture,raw/goldstandard.registry.projects/2026/09/20260922T165214Z-428d7d94b6d8.json.gz,,
goldstandard.registry.projects,https://public-api.goldstandard.org/projects?query=&page=155,2026-09-22T16:52:16Z,200,application/json,50571,0a47609db7d1c01b6295610e4d5bbb26637bf2261f7b17ff9c9d6a5df545d1f4,,,first_capture,raw/goldstandard.registry.projects/2026/09/20260922T165216Z-0a47609db7d1.json.gz,,
goldstandard.registry.projects,https://public-api.goldstandard.org/projects?query=&page=156,2026-09-22T16:52:19Z,200,application/json,46662,836fbc60a5ee03f4f2bb932c864622aa286c3e76833c03a00f93b681b8cc291f,,,first_capture,raw/goldstandard.registry.projects/2026/09/20260922T165219Z-836fbc60a5ee.json.gz,,
goldstandard.registry.projects,https://public-api.goldstandard.org/projects?query=&page=157,2026-09-22T16:52:21Z,200,application/json,57145,046664e697d0fce496963a64fd07389df567536a7388a5854576ab1cd57fd515,,,first_capture,raw/goldstandard.registry.projects/2026/09/20260922T165221Z-046664e697d0.json.gz,,
goldstandard.registry.projects,https://public-api.goldstandard.org/projects?query=&page=158,2026-09-22T16:52:24Z,200,application/json,56075,e79b06d99a740091baf6fabe7ec7e430ee9ad028fce71efcdc8794a569c7a33e,,,first_capture,raw/goldstandard.registry.projects/2026/09/20260922T165224Z-e79b06d99a74.json.gz,,
goldstandard.registry.projects,https://public-api.goldstandard.org/projects?query=&page=159,2026-09-22T16:52:26Z,200,application/json,59209,41adde8c7fba1439406a1bb20b52f3aeef05684cac5604b2f1d2568904385575,,,first_capture,raw/goldstandard.registry.projects/2026/09/20260922T165226Z-41adde8c7fba.json.gz,,
goldstandard.registry.projects,https://public-api.goldstandard.org/projects?query=&page=160,2026-09-22T16:52:29Z,200,application/json,50157,972360155f69f81508d86fac984c266431d08813b0e8832131cc82c90e8f919c,,,first_capture,raw/goldstandard.registry.projects/2026/09/20260922T165229Z-972360155f69.json.gz,,
goldstandard.registry.projects,https://public-api.goldstandard.org/projects?query=&page=161,2026-09-22T16:52:31Z,200,application/json,49731,6a0d8e45bc6aeaaeb54e6050c56c31716c896eddcc6d218402fbfcb8136975a7,,,first_capture,raw/goldstandard.registry.projects/2026/09/20260922T165231Z-6a0d8e45bc6a.json.gz,,
goldstandard.registry.projects,https://public-api.goldstandard.org/projects?query=&page=162,2026-09-22T16:52:33Z,200,application/json,51410,8194b223e088d04ed302b7d32914b55c8ccdf0cf46713c13917ca786e372f73b,,,first_capture,raw/goldstandard.registry.projects/2026/09/20260922T165233Z-8194b223e088.json.gz,,
goldstandard.registry.projects,https://public-api.goldstandard.org/projects?query=&page=163,2026-09-22T16:52:36Z,200,application/json,50260,3523fd4a0797fa638efd94363a9c1f0ca524cc37ff72bcbffbc38d056c31c843,,,first_capture,raw/goldstandard.registry.projects/2026/09/20260922T165236Z-3523fd4a0797.json.gz,,
goldstandard.registry.projects,https://public-api.goldstandard.org/projects?query=&page=164,2026-09-22T16:52:38Z,200,application/json,50990,76ac7c02a49f927aa35fb63fb425d2e128d9087c4e3a33699460c52e49666064,,,first_capture,raw/goldstandard.registry.projects/2026/09/20260922T165238Z-76ac7c02a49f.json.gz,,
goldstandard.registry.projects,https://public-api.goldstandard.org/projects?query=&page=165,2026-09-22T16:52:41Z,200,application/json,53382,058116e2a89c52f658caeb4378305b0e0d18da2dd155a1fe1b1a63279d7725ee,,,first_capture,raw/goldstandard.registry.projects/2026/09/20260922T165241Z-058116e2a89c.json.gz,,
goldstandard.registry.projects,https://public-api.goldstandard.org/projects?query=&page=166,2026-09-22T16:52:43Z,200,application/json,51745,c10e18acbfed40b03daa3e83f0da068a5074bd63bf2fcf1367c02c2be02929d7,,,first_capture,raw/goldstandard.registry.projects/2026/09/20260922T165243Z-c10e18acbfed.json.gz,,
goldstandard.registry.projects,https://public-api.goldstandard.org/projects?query=&page=167,2026-09-22T16:52:45Z,200,application/json,49370,ecc9e1b855512c25837b4671b40676a934fc0a0018b63c5d7938d2112bb4d3ed,,,first_capture,raw/goldstandard.registry.projects/2026/09/20260922T165245Z-ecc9e1b85551.json.gz,,
goldstandard.registry.projects,https://public-api.goldstandard.org/projects?query=&page=168,2026-09-22T16:52:48Z,200,application/json,51000,1e77165b99f9e6c85b4973dc69801315fae1b3e8f7799bdc39cebfeac3247430,,,first_capture,raw/goldstandard.registry.projects/2026/09/20260922T165248Z-1e77165b99f9.json.gz,,
goldstandard.registry.projects,https://public-api.goldstandard.org/projects?query=&page=169,2026-09-22T16:52:50Z,200,application/json,16296,c8a8535a57d057c008cce1ca6f3243c6a800eed0725c680d79774f41f25bfda1,,,first_capture,raw/goldstandard.registry.projects/2026/09/20260922T165250Z-c8a8535a57d0.json.gz,,
